'as	->	as'ay
0	->	0ay
000	->	000ay
1	->	1ay
1500	->	1500ay
1533	->	1533ay
1887	->	1887ay
1998	->	1998ay
2	->	2ay
20	->	20ay
2001	->	2001ay
2021	->	2021ay
25	->	25ay
3	->	3ay
30	->	30ay
4	->	4ay
5	->	5ay
50	->	50ay
501	->	501ay
596	->	596ay
6	->	6ay
60	->	60ay
6221541	->	6221541ay
64	->	64ay
7	->	7ay
8	->	8ay
801	->	801ay
809	->	809ay
84116	->	84116ay
9	->	9ay
90	->	90ay
a	->	aay
abed	->	abeday
abhorred	->	abhorreday
abide	->	abideay
abjure	->	abjureay
abound	->	abounday
about	->	aboutay
above	->	aboveay
abroad	->	abroaday
absence	->	absenceay
absent	->	absentay
absolute	->	absoluteay
abuse	->	abuseay
accents	->	accentsay
accept	->	acceptay
accepted	->	accepteday
accepting	->	acceptingay
access	->	accessay
accessed	->	accesseday
accessible	->	accessibleay
accompany	->	accompanyay
accordance	->	accordanceay
according	->	accordingay
account	->	accountay
accounted	->	accounteday
accurs	->	accursay
accursed	->	accurseday
accus	->	accusay
accustomed	->	accustomeday
acheron	->	acheronay
acquaint	->	acquaintay
act	->	actay
acted	->	acteday
acting	->	actingay
action	->	actionay
actions	->	actionsay
active	->	activeay
acts	->	actsay
actual	->	actualay
adage	->	adageay
add	->	adday
added	->	addeday
adder	->	adderay
addition	->	additionay
additional	->	additionalay
additions	->	additionsay
address	->	addressay
addresses	->	addressesay
adhere	->	adhereay
adieu	->	adieuay
admir	->	admiray
advance	->	advanceay
advantage	->	advantageay
advice	->	adviceay
advise	->	adviseay
afeard	->	afearday
affair	->	affairay
affairs	->	affairsay
affection	->	affectionay
affeer	->	affeeray
affliction	->	afflictionay
afoot	->	afootay
afraid	->	afraiday
after	->	afteray
afternoon	->	afternoonay
afterwards	->	afterwardsay
again	->	againay
against	->	againstay
age	->	ageay
aged	->	ageday
agent	->	agentay
agents	->	agentsay
agitation	->	agitationay
agree	->	agreeay
agreed	->	agreeday
agreement	->	agreementay
ague	->	agueay
aid	->	aiday
aim	->	aimay
air	->	airay
alack	->	alackay
alarm	->	alarmay
alarum	->	alarumay
alarums	->	alarumsay
alas	->	alasay
aleppo	->	aleppoay
alike	->	alikeay
alive	->	aliveay
all	->	allay
allegiance	->	allegianceay
allow	->	alloway
almost	->	almostay
alone	->	aloneay
aloud	->	alouday
already	->	alreadyay
also	->	alsoay
alter	->	alteray
alteration	->	alterationay
alternate	->	alternateay
always	->	alwaysay
am	->	amay
amaz	->	amazay
amazedly	->	amazedlyay
amazement	->	amazementay
ambition	->	ambitionay
amen	->	amenay
amend	->	amenday
amends	->	amendsay
amiss	->	amissay
among	->	amongay
an	->	anay
and	->	anday
angel	->	angelay
angels	->	angelsay
anger	->	angeray
angerly	->	angerlyay
angry	->	angryay
angus	->	angusay
annoyance	->	annoyanceay
anointed	->	anointeday
anon	->	anonay
another	->	anotheray
answer	->	answeray
antic	->	anticay
anticipat	->	anticipatay
antidote	->	antidoteay
antony	->	antonyay
any	->	anyay
anyone	->	anyoneay
anything	->	anythingay
anywhere	->	anywhereay
apace	->	apaceay
apart	->	apartay
appal	->	appalay
appals	->	appalsay
apparition	->	apparitionay
apparitions	->	apparitionsay
appear	->	appearay
appearing	->	appearingay
appears	->	appearsay
appease	->	appeaseay
appetite	->	appetiteay
applaud	->	applauday
applicable	->	applicableay
apply	->	applyay
appoint	->	appointay
approach	->	approachay
approaches	->	approachesay
approve	->	approveay
april	->	aprilay
arabia	->	arabiaay
arbitrate	->	arbitrateay
archive	->	archiveay
are	->	areay
argument	->	argumentay
aright	->	arightay
arise	->	ariseay
arm	->	armay
armed	->	armeday
armour	->	armouray
arms	->	armsay
army	->	armyay
aroint	->	arointay
array	->	arrayay
arriv	->	arrivay
art	->	artay
artificial	->	artificialay
as	->	asay
ascii	->	asciiay
aside	->	asideay
ask	->	askay
asleep	->	asleepay
assailable	->	assailableay
assassination	->	assassinationay
assault	->	assaultay
assaults	->	assaultsay
assay	->	assayay
assistance	->	assistanceay
assisted	->	assisteday
associated	->	associateday
assurance	->	assuranceay
at	->	atay
atendants	->	atendantsay
attached	->	attacheday
attempt	->	attemptay
attend	->	attenday
attendants	->	attendantsay
attended	->	attendeday
attending	->	attendingay
attire	->	attireay
audit	->	auditay
auger	->	augeray
aught	->	aughtay
augment	->	augmentay
augurs	->	augursay
author	->	authoray
authoris	->	authorisay
available	->	availableay
avarice	->	avariceay
avaricious	->	avariciousay
avaunt	->	avauntay
avoid	->	avoiday
avoided	->	avoideday
avouch	->	avouchay
avouches	->	avouchesay
awak	->	awakay
awake	->	awakeay
away	->	awayay
aweary	->	awearyay
ay	->	ayay
aye	->	ayeay
b	->	bbark
babe	->	abebbark
babes	->	abesbbark
baboon	->	aboonbbark
baby	->	abybbark
back	->	ackbbark
backs	->	acksbbark
backward	->	ackwardbbark
bad	->	adbbark
bade	->	adebbark
badg	->	adgbbark
baited	->	aitedbbark
bake	->	akebbark
balls	->	allsbbark
balm	->	almbbark
bane	->	anebbark
banish	->	anishbbark
bank	->	ankbbark
banners	->	annersbbark
banquet	->	anquetbbark
banquets	->	anquetsbbark
banquo	->	anquobbark
bare	->	arebbark
barefac	->	arefacbbark
bark	->	arkbbark
barren	->	arrenbbark
based	->	asedbbark
basis	->	asisbbark
bat	->	atbbark
bath	->	athbbark
bathe	->	athebbark
batter	->	atterbbark
battle	->	attlebbark
battlements	->	attlementsbbark
be	->	ebbark
bear	->	earbbark
beard	->	eardbbark
beards	->	eardsbbark
bears	->	earsbbark
beast	->	eastbbark
beat	->	eatbbark
beaten	->	eatenbbark
beauteous	->	eauteousbbark
became	->	ecamebbark
because	->	ecausebbark
become	->	ecomebbark
becoming	->	ecomingbbark
bed	->	edbbark
beds	->	edsbbark
been	->	eenbbark
beetle	->	eetlebbark
before	->	eforebbark
beg	->	egbbark
began	->	eganbbark
beggar	->	eggarbbark
begin	->	eginbbark
beginning	->	eginningbbark
beguile	->	eguilebbark
begun	->	egunbbark
behind	->	ehindbbark
behold	->	eholdbbark
being	->	eingbbark
beldams	->	eldamsbbark
belief	->	eliefbbark
believ	->	elievbbark
believe	->	elievebbark
bell	->	ellbbark
bellman	->	ellmanbbark
bellona	->	ellonabbark
below	->	elowbbark
belt	->	eltbbark
belzebub	->	elzebubbbark
bend	->	endbbark
beneath	->	eneathbbark
benediction	->	enedictionbbark
benefit	->	enefitbbark
benison	->	enisonbbark
bent	->	entbbark
beside	->	esidebbark
besides	->	esidesbbark
best	->	estbbark
bestow	->	estowbbark
bestows	->	estowsbbark
bestride	->	estridebbark
betimes	->	etimesbbark
betray	->	etraybbark
better	->	etterbbark
between	->	etweenbbark
beware	->	ewarebbark
beyond	->	eyondbbark
bid	->	idbbark
bidding	->	iddingbbark
bides	->	idesbbark
bids	->	idsbbark
bill	->	illbbark
binary	->	inarybbark
bind	->	indbbark
bird	->	irdbbark
birds	->	irdsbbark
birnam	->	irnambbark
birth	->	irthbbark
birthdom	->	irthdombbark
black	->	ackblbark
blade	->	adeblbark
bladed	->	adedblbark
blame	->	ameblbark
blames	->	amesblbark
blanch	->	anchblbark
blanket	->	anketblbark
blaspheme	->	asphemeblbark
blaspheming	->	asphemingblbark
blast	->	astblbark
blasted	->	astedblbark
bleed	->	eedblbark
bleeding	->	eedingblbark
bleeds	->	eedsblbark
bless	->	essblbark
blessed	->	essedblbark
blessing	->	essingblbark
blessings	->	essingsblbark
blind	->	indblbark
blisters	->	istersblbark
blood	->	oodblbark
bloodier	->	oodierblbark
bloody	->	oodyblbark
blow	->	owblbark
blown	->	ownblbark
blows	->	owsblbark
blunt	->	untblbark
boasting	->	oastingbbark
bodements	->	odementsbbark
body	->	odybbark
boil	->	oilbbark
boiling	->	oilingbbark
bold	->	oldbbark
bolter	->	olterbbark
bond	->	ondbbark
boneless	->	onelessbbark
bones	->	onesbbark
bonfire	->	onfirebbark
book	->	ookbbark
boot	->	ootbbark
bore	->	orebbark
born	->	ornbbark
borne	->	ornebbark
borrow	->	orrowbbark
borrower	->	orrowerbbark
bosom	->	osombbark
bosoms	->	osomsbbark
botches	->	otchesbbark
both	->	othbbark
bottom	->	ottombbark
bough	->	oughbbark
boughs	->	oughsbbark
bought	->	oughtbbark
bound	->	oundbbark
boundless	->	oundlessbbark
bounteous	->	ounteousbbark
bounty	->	ountybbark
bove	->	ovebbark
bow	->	owbbark
boy	->	oybbark
brag	->	agbrbark
braggart	->	aggartbrbark
brain	->	ainbrbark
brains	->	ainsbrbark
brainsickly	->	ainsicklybrbark
brandish	->	andishbrbark
brave	->	avebrbark
bravely	->	avelybrbark
breach	->	eachbrbark
break	->	eakbrbark
breast	->	eastbrbark
breasts	->	eastsbrbark
breath	->	eathbrbark
breech	->	eechbrbark
breed	->	eedbrbark
brew	->	ewbrbark
bridegroom	->	idegroombrbark
brief	->	iefbrbark
briefly	->	ieflybrbark
bright	->	ightbrbark
brightest	->	ightestbrbark
brinded	->	indedbrbark
bring	->	ingbrbark
brings	->	ingsbrbark
broad	->	oadbrbark
broil	->	oilbrbark
broke	->	okebrbark
broth	->	othbrbark
brother	->	otherbrbark
brought	->	oughtbrbark
brow	->	owbrbark
brows	->	owsbrbark
bruited	->	uitedbrbark
bubble	->	ubblebbark
bubbles	->	ubblesbbark
buckle	->	ucklebbark
buffets	->	uffetsbbark
building	->	uildingbbark
built	->	uiltbbark
burial	->	urialbbark
buried	->	uriedbbark
burn	->	urnbbark
burned	->	urnedbbark
bury	->	urybbark
business	->	usinessbbark
but	->	utbbark
butcher	->	utcherbbark
buttress	->	uttressbbark
buy	->	uybbark
by	->	bybark
c	->	cay
cabin	->	abincay
caesar	->	aesarcay
caithness	->	aithnesscay
calculate	->	alculatecay
calculated	->	alculatedcay
calendar	->	alendarcay
call	->	allcay
calling	->	allingcay
calls	->	allscay
cam	->	amcay
came	->	amecay
camp	->	ampcay
can	->	ancay
cancel	->	ancelcay
candle	->	andlecay
candles	->	andlescay
cannons	->	annonscay
cannot	->	annotcay
canst	->	anstcay
capital	->	apitalcay
caps	->	apscay
captain	->	aptaincay
captains	->	aptainscay
captivity	->	aptivitycay
card	->	ardcay
care	->	arecay
careless	->	arelesscay
carousing	->	arousingcay
carried	->	arriedcay
carry	->	arrycay
carv	->	arvcay
cases	->	asescay
casing	->	asingcay
cast	->	astcay
castle	->	astlecay
castles	->	astlescay
cat	->	atcay
catalogue	->	ataloguecay
catch	->	atchcay
cauldron	->	auldroncay
cause	->	ausecay
causes	->	ausescay
caution	->	autioncay
cave	->	avecay
cawdor	->	awdorcay
cease	->	easecay
celebrates	->	elebratescay
censures	->	ensurescay
ceremony	->	eremonycay
certain	->	ertaincay
chafes	->	afeschay
chalice	->	alicechay
challenge	->	allengechay
chamber	->	amberchay
chamberlains	->	amberlainschay
chambers	->	amberschay
champion	->	ampionchay
chanc	->	ancchay
chance	->	ancechay
change	->	angechay
character	->	aracterchay
charg	->	argchay
charge	->	argechay
charged	->	argedchay
charges	->	argeschay
charitable	->	aritablechay
charities	->	aritieschay
charm	->	armchay
charmed	->	armedchay
charms	->	armschay
charnel	->	arnelchay
chastise	->	astisechay
chaudron	->	audronchay
cheaply	->	eaplychay
check	->	eckchay
checks	->	eckschay
cheeks	->	eekschay
cheer	->	eerchay
cherubin	->	erubinchay
chestnuts	->	estnutschay
chickens	->	ickenschay
chid	->	idchay
chief	->	iefchay
chiefest	->	iefestchay
chiefly	->	ieflychay
child	->	ildchay
childhood	->	ildhoodchay
children	->	ildrenchay
chimneys	->	imneyschay
choke	->	okechay
choose	->	oosechay
choppy	->	oppychay
chops	->	opschay
choughs	->	oughschay
christendom	->	istendomchray
chuck	->	uckchay
churches	->	urcheschay
cine	->	inecay
cines	->	inescay
cistern	->	isterncay
city	->	itycay
claim	->	aimclay
clamorous	->	amorousclay
clamour	->	amourclay
clatter	->	atterclay
clean	->	eanclay
cleanse	->	eanseclay
clear	->	earclay
clearly	->	earlyclay
clearness	->	earnessclay
clears	->	earsclay
cleave	->	eaveclay
clept	->	eptclay
climb	->	imbclay
cling	->	ingclay
clock	->	ockclay
clogs	->	ogsclay
cloister	->	oisterclay
clos	->	osclay
close	->	oseclay
closet	->	osetclay
cloud	->	oudclay
cloudy	->	oudyclay
clutch	->	utchclay
cock	->	ockcay
codes	->	odescay
coign	->	oigncay
cold	->	oldcay
collection	->	ollectioncay
colme	->	olmecay
colmekill	->	olmekillcay
color	->	olorcay
colours	->	olourscay
com	->	omcay
combin	->	ombincay
combustion	->	ombustioncay
come	->	omecay
comes	->	omescay
comfort	->	omfortcay
comforted	->	omfortedcay
coming	->	omingcay
command	->	ommandcay
commanded	->	ommandedcay
commands	->	ommandscay
commencing	->	ommencingcay
commend	->	ommendcay
commendations	->	ommendationscay
commends	->	ommendscay
commercial	->	ommercialcay
commission	->	ommissioncay
committed	->	ommittedcay
common	->	ommoncay
companions	->	ompanionscay
company	->	ompanycay
compar	->	omparcay
comparisons	->	omparisonscay
compass	->	ompasscay
compell	->	ompellcay
compilation	->	ompilationcay
compliance	->	ompliancecay
comply	->	omplycay
complying	->	omplyingcay
compos	->	omposcay
compose	->	omposecay
composition	->	ompositioncay
compressed	->	ompressedcay
compt	->	omptcay
compunctious	->	ompunctiouscay
computer	->	omputercay
computers	->	omputerscay
conceive	->	onceivecay
concept	->	onceptcay
concern	->	oncerncay
concerning	->	oncerningcay
conclude	->	oncludecay
concluded	->	oncludedcay
conclusion	->	onclusioncay
concord	->	oncordcay
condemn	->	ondemncay
conduct	->	onductcay
conference	->	onferencecay
confess	->	onfesscay
confessing	->	onfessingcay
confident	->	onfidentcay
confin	->	onfincay
confineless	->	onfinelesscay
confirm	->	onfirmcay
confirmation	->	onfirmationcay
confirmed	->	onfirmedcay
conflict	->	onflictcay
confound	->	onfoundcay
confounds	->	onfoundscay
confronted	->	onfrontedcay
confus	->	onfuscay
confusion	->	onfusioncay
conjure	->	onjurecay
consent	->	onsentcay
consequence	->	onsequencecay
consequences	->	onsequencescay
consequential	->	onsequentialcay
consider	->	onsidercay
considerable	->	onsiderablecay
consort	->	onsortcay
conspirers	->	onspirerscay
constancy	->	onstancycay
constant	->	onstantcay
constrained	->	onstrainedcay
construction	->	onstructioncay
contact	->	ontactcay
contain	->	ontaincay
containing	->	ontainingcay
contend	->	ontendcay
contending	->	ontendingcay
content	->	ontentcay
contented	->	ontentedcay
contents	->	ontentscay
continent	->	ontinentcay
continually	->	ontinuallycay
continue	->	ontinuecay
contract	->	ontractcay
contradict	->	ontradictcay
contributions	->	ontributionscay
contriver	->	ontrivercay
convert	->	onvertcay
convey	->	onveycay
convince	->	onvincecay
convinces	->	onvincescay
cool	->	oolcay
copied	->	opiedcay
copies	->	opiescay
copy	->	opycay
copying	->	opyingcay
copyright	->	opyrightcay
corn	->	orncay
corner	->	ornercay
corporal	->	orporalcay
corporation	->	orporationcay
corrupt	->	orruptcay
cost	->	ostcay
costs	->	ostscay
could	->	ouldcay
couldst	->	ouldstcay
council	->	ouncilcay
counsell	->	ounsellcay
counsellors	->	ounsellorscay
countenance	->	ountenancecay
counterfeit	->	ounterfeitcay
countries	->	ountriescay
country	->	ountrycay
countryman	->	ountrymancay
courage	->	ouragecay
couriers	->	ourierscay
cours	->	ourscay
course	->	oursecay
court	->	ourtcay
cousin	->	ousincay
cousins	->	ousinscay
cover	->	overcay
coveted	->	ovetedcay
cow	->	owcay
coward	->	owardcay
coz	->	ozcay
crack	->	ackcray
cracks	->	ackscray
cradle	->	adlecray
crave	->	avecray
craves	->	avescray
craving	->	avingcray
craz	->	azcray
cream	->	eamcray
create	->	eatecray
created	->	eatedcray
creating	->	eatingcray
creation	->	eationcray
credit	->	editcray
credulous	->	edulouscray
creeps	->	eepscray
crests	->	estscray
crew	->	ewcray
cribb	->	ibbcray
crickets	->	icketscray
cried	->	iedcray
cries	->	iescray
crime	->	imecray
critical	->	iticalcray
croaks	->	oakscray
cross	->	osscray
crow	->	owcray
crown	->	owncray
crowned	->	ownedcray
crowns	->	ownscray
cruel	->	uelcray
cruelty	->	ueltycray
cry	->	cryay
crying	->	ingcryay
cumberland	->	umberlandcay
curbing	->	urbingcay
cure	->	urecay
cures	->	urescay
current	->	urrentcay
curs	->	urscay
curse	->	ursecay
cursed	->	ursedcay
curses	->	ursescay
curtain	->	urtaincay
custom	->	ustomcay
cut	->	utcay
d	->	day
dagger	->	aggerday
daggers	->	aggersday
dainty	->	aintyday
dam	->	amday
damage	->	amageday
damaged	->	amagedday
damages	->	amagesday
dame	->	ameday
dames	->	amesday
damn	->	amnday
damnation	->	amnationday
damned	->	amnedday
dance	->	anceday
danger	->	angerday
dangerous	->	angerousday
dare	->	areday
dareful	->	arefulday
dares	->	aresday
dark	->	arkday
darkness	->	arknessday
dash	->	ashday
data	->	ataday
date	->	ateday
daughters	->	aughtersday
dauntless	->	auntlessday
day	->	ayday
days	->	aysday
dead	->	eadday
deadly	->	eadlyday
deaf	->	eafday
deal	->	ealday
dear	->	earday
dearest	->	earestday
death	->	eathday
debt	->	ebtday
deceitful	->	eceitfulday
deceive	->	eceiveday
decision	->	ecisionday
dedicate	->	edicateday
deductible	->	eductibleday
deed	->	eedday
deeds	->	eedsday
deep	->	eepday
deeper	->	eeperday
deepest	->	eepestday
deeply	->	eeplyday
deer	->	eerday
defect	->	efectday
defective	->	efectiveday
defects	->	efectsday
defence	->	efenceday
deftly	->	eftlyday
degrees	->	egreesday
deign	->	eignday
deletions	->	eletionsday
delicate	->	elicateday
delight	->	elightday
delights	->	elightsday
delinquents	->	elinquentsday
deliver	->	eliverday
delivers	->	eliversday
demand	->	emandday
demerits	->	emeritsday
demi	->	emiday
denies	->	eniesday
deny	->	enyday
depart	->	epartday
depends	->	ependsday
derivative	->	erivativeday
derive	->	eriveday
derived	->	erivedday
descended	->	escendedday
descends	->	escendsday
described	->	escribedday
desert	->	esertday
deserv	->	eservday
deserve	->	eserveday
deservers	->	eserversday
deserves	->	eservesday
design	->	esignday
desir	->	esirday
desire	->	esireday
desires	->	esiresday
desolate	->	esolateday
despair	->	espairday
despatch	->	espatchday
despise	->	espiseday
despite	->	espiteday
destiny	->	estinyday
destroy	->	estroyday
destroying	->	estroyingday
destruction	->	estructionday
detach	->	etachday
determine	->	etermineday
detraction	->	etractionday
devil	->	evilday
devilish	->	evilishday
devotion	->	evotionday
devour	->	evourday
dew	->	ewday
diamond	->	iamondday
did	->	idday
didst	->	idstday
die	->	ieday
died	->	iedday
dies	->	iesday
different	->	ifferentday
digestion	->	igestionday
digg	->	iggday
dignities	->	ignitiesday
dignity	->	ignityday
diminutive	->	iminutiveday
dire	->	ireday
direct	->	irectday
direction	->	irectionday
directly	->	irectlyday
direful	->	irefulday
direness	->	irenessday
direst	->	irestday
disappears	->	isappearsday
disasters	->	isastersday
disbursed	->	isbursedday
discharge	->	ischargeday
disclaim	->	isclaimday
disclaimer	->	isclaimerday
disclaimers	->	isclaimersday
discomfort	->	iscomfortday
discontinue	->	iscontinueday
discover	->	iscoverday
discovered	->	iscoveredday
discovery	->	iscoveryday
disdaining	->	isdainingday
diseas	->	iseasday
disease	->	iseaseday
disgrace	->	isgraceday
disguising	->	isguisingday
disheartens	->	isheartensday
dishes	->	ishesday
dishonours	->	ishonoursday
disjoint	->	isjointday
disk	->	iskday
disloyal	->	isloyalday
dismal	->	ismalday
dismay	->	ismayday
dismiss	->	ismissday
disorder	->	isorderday
dispatch	->	ispatchday
displaced	->	isplacedday
display	->	isplayday
displayed	->	isplayedday
displaying	->	isplayingday
disposition	->	ispositionday
dispute	->	isputeday
disseat	->	isseatday
distance	->	istanceday
distemper	->	istemperday
distill	->	istillday
distinguishes	->	istinguishesday
distracted	->	istractedday
distresses	->	istressesday
distribute	->	istributeday
distributed	->	istributedday
distributing	->	istributingday
distribution	->	istributionday
distributor	->	istributorday
ditch	->	itchday
divers	->	iversday
divine	->	ivineday
division	->	ivisionday
do	->	oday
doctor	->	octorday
does	->	oesday
doff	->	offday
dog	->	ogday
dogs	->	ogsday
doing	->	oingday
dollars	->	ollarsday
dolour	->	olourday
domain	->	omainday
domestic	->	omesticday
donalbain	->	onalbainday
donate	->	onateday
donation	->	onationday
donations	->	onationsday
done	->	oneday
donors	->	onorsday
doom	->	oomday
door	->	oorday
doors	->	oorsday
dost	->	ostday
doth	->	othday
double	->	oubleday
doubly	->	oublyday
doubt	->	oubtday
doubtful	->	oubtfulday
doubts	->	oubtsday
down	->	ownday
downloading	->	ownloadingday
downy	->	ownyday
drab	->	abdray
dragon	->	agondray
drain	->	aindray
dramatis	->	amatisdray
draw	->	awdray
drawn	->	awndray
dread	->	eaddray
dreadful	->	eadfuldray
dreams	->	eamsdray
dreamt	->	eamtdray
drenched	->	encheddray
dress	->	essdray
drink	->	inkdray
droop	->	oopdray
drop	->	opdray
drops	->	opsdray
drown	->	owndray
drowse	->	owsedray
drowsy	->	owsydray
drug	->	ugdray
drugg	->	uggdray
drum	->	umdray
drunk	->	unkdray
dry	->	dryay
dst	->	dstay
dudgeon	->	udgeonday
due	->	ueday
dues	->	uesday
duff	->	uffday
dull	->	ullday
duncan	->	uncanday
dunnest	->	unnestday
dunsinane	->	unsinaneday
durst	->	urstday
dusty	->	ustyday
duties	->	utiesday
dwarfish	->	arfishdway
dwell	->	elldway
dwindle	->	indledway
dying	->	ingdyay
e	->	eay
each	->	eachay
eagles	->	eaglesay
ear	->	earay
earl	->	earlay
earls	->	earlsay
earnest	->	earnestay
ears	->	earsay
earth	->	earthay
earthly	->	earthlyay
easier	->	easieray
easily	->	easilyay
east	->	eastay
easy	->	easyay
eat	->	eatay
eaten	->	eatenay
ebook	->	ebookay
ebooks	->	ebooksay
echo	->	echoay
eclipse	->	eclipseay
ecstasy	->	ecstasyay
edge	->	edgeay
edition	->	editionay
editions	->	editionsay
educational	->	educationalay
edward	->	edwarday
effect	->	effectay
effects	->	effectsay
effort	->	effortay
efforts	->	effortsay
egg	->	eggay
eight	->	eightay
eighth	->	eighthay
ein	->	einay
either	->	eitheray
eldest	->	eldestay
elect	->	electay
electronic	->	electronicay
electronically	->	electronicallyay
else	->	elseay
elves	->	elvesay
em	->	emay
email	->	emailay
embrace	->	embraceay
eminence	->	eminenceay
employee	->	employeeay
employees	->	employeesay
empty	->	emptyay
emptying	->	emptyingay
enchanting	->	enchantingay
encoding	->	encodingay
encounter	->	encounteray
end	->	enday
ends	->	endsay
endure	->	endureay
enemy	->	enemyay
england	->	englanday
english	->	englishay
enkindle	->	enkindleay
enough	->	enoughay
enow	->	enoway
enrage	->	enrageay
enrages	->	enragesay
ensuring	->	ensuringay
enter	->	enteray
enterprise	->	enterpriseay
entity	->	entityay
entomb	->	entombay
entrails	->	entrailsay
entrance	->	entranceay
entreat	->	entreatay
entry	->	entryay
epicures	->	epicuresay
equipment	->	equipmentay
equivocate	->	equivocateay
equivocates	->	equivocatesay
equivocation	->	equivocationay
equivocator	->	equivocatoray
er	->	eray
erbear	->	erbearay
ere	->	ereay
erleap	->	erleapay
erleaps	->	erleapsay
err	->	erray
errors	->	errorsay
ertook	->	ertookay
escapes	->	escapesay
especially	->	especiallyay
establish	->	establishay
estate	->	estateay
esteem	->	esteemay
eternal	->	eternalay
eterne	->	eterneay
even	->	evenay
event	->	eventay
events	->	eventsay
ever	->	everay
everlasting	->	everlastingay
every	->	everyay
everyone	->	everyoneay
everything	->	everythingay
evil	->	evilay
evils	->	evilsay
exasperate	->	exasperateay
except	->	exceptay
excite	->	exciteay
exclusion	->	exclusionay
execution	->	executionay
exempt	->	exemptay
exeunt	->	exeuntay
exil	->	exilay
exists	->	existsay
exit	->	exitay
expectation	->	expectationay
expedition	->	expeditionay
expend	->	expenday
expense	->	expenseay
expenses	->	expensesay
expire	->	expireay
explanation	->	explanationay
exploits	->	exploitsay
exporting	->	exportingay
exposure	->	exposureay
express	->	expressay
extend	->	extenday
extent	->	extentay
eye	->	eyeay
eyeballs	->	eyeballsay
eyes	->	eyesay
f	->	fay
fac	->	acfay
face	->	acefay
faces	->	acesfay
facility	->	acilityfay
fact	->	actfay
faculties	->	acultiesfay
fail	->	ailfay
fain	->	ainfay
faint	->	aintfay
fair	->	airfay
fairer	->	airerfay
fairest	->	airestfay
fairies	->	airiesfay
faith	->	aithfay
faithful	->	aithfulfay
falcon	->	alconfay
fall	->	allfay
falls	->	allsfay
false	->	alsefay
familiar	->	amiliarfay
famine	->	aminefay
fan	->	anfay
fancies	->	anciesfay
fantastical	->	antasticalfay
far	->	arfay
fare	->	arefay
farewell	->	arewellfay
farmer	->	armerfay
farrow	->	arrowfay
farther	->	artherfay
fast	->	astfay
fatal	->	atalfay
fate	->	atefay
father	->	atherfay
fatherless	->	atherlessfay
favour	->	avourfay
favours	->	avoursfay
fear	->	earfay
fearful	->	earfulfay
fears	->	earsfay
feast	->	eastfay
feasts	->	eastsfay
feat	->	eatfay
fed	->	edfay
federal	->	ederalfay
fee	->	eefay
feed	->	eedfay
feel	->	eelfay
feeling	->	eelingfay
fees	->	eesfay
feet	->	eetfay
fell	->	ellfay
fellow	->	ellowfay
fellows	->	ellowsfay
felt	->	eltfay
fenny	->	ennyfay
fever	->	everfay
feverous	->	everousfay
few	->	ewfay
fie	->	iefay
field	->	ieldfay
fiend	->	iendfay
fiends	->	iendsfay
fife	->	ifefay
fight	->	ightfay
fighting	->	ightingfay
fil	->	ilfay
file	->	ilefay
files	->	ilesfay
fill	->	illfay
fillet	->	illetfay
filling	->	illingfay
filthy	->	ilthyfay
financial	->	inancialfay
find	->	indfay
finding	->	indingfay
finds	->	indsfay
finger	->	ingerfay
fire	->	irefay
fires	->	iresfay
firm	->	irmfay
first	->	irstfay
firstlings	->	irstlingsfay
fit	->	itfay
fitful	->	itfulfay
fitness	->	itnessfay
fits	->	itsfay
fix	->	ixfay
flame	->	ameflay
flattering	->	atteringflay
flaws	->	awsflay
fleance	->	eanceflay
fled	->	edflay
flesh	->	eshflay
flies	->	iesflay
flight	->	ightflay
flighty	->	ightyflay
float	->	oatflay
flourish	->	ourishflay
flout	->	outflay
flower	->	owerflay
flowers	->	owersflay
flown	->	ownflay
flung	->	ungflay
fly	->	flyay
flying	->	ingflyay
foe	->	oefay
foes	->	oesfay
fog	->	ogfay
foggy	->	oggyfay
foisons	->	oisonsfay
fold	->	oldfay
follow	->	ollowfay
following	->	ollowingfay
follows	->	ollowsfay
folly	->	ollyfay
fool	->	oolfay
foolish	->	oolishfay
fools	->	oolsfay
foot	->	ootfay
for	->	orfay
forbid	->	orbidfay
forc	->	orcfay
force	->	orcefay
forces	->	orcesfay
foreign	->	oreignfay
forest	->	orestfay
forever	->	oreverfay
forge	->	orgefay
forget	->	orgetfay
forgive	->	orgivefay
forgot	->	orgotfay
forgotten	->	orgottenfay
fork	->	orkfay
form	->	ormfay
format	->	ormatfay
formats	->	ormatsfay
former	->	ormerfay
forres	->	orresfay
forsworn	->	orswornfay
forth	->	orthfay
fortifies	->	ortifiesfay
fortitude	->	ortitudefay
fortune	->	ortunefay
forty	->	ortyfay
fought	->	oughtfay
foul	->	oulfay
foully	->	oullyfay
found	->	oundfay
foundation	->	oundationfay
foundation's	->	oundation'sfay
foundations	->	oundationsfay
founded	->	oundedfay
fountain	->	ountainfay
fourth	->	ourthfay
frailties	->	ailtiesfray
frame	->	amefray
franchis	->	anchisfray
frankly	->	anklyfray
fraught	->	aughtfray
free	->	eefray
freely	->	eelyfray
french	->	enchfray
fresh	->	eshfray
frets	->	etsfray
friend	->	iendfray
friends	->	iendsfray
frieze	->	iezefray
fright	->	ightfray
frog	->	ogfray
from	->	omfray
front	->	ontfray
fruitless	->	uitlessfray
fry	->	fryay
full	->	ullfay
fulness	->	ulnessfay
fume	->	umefay
function	->	unctionfay
furbish	->	urbishfay
furious	->	uriousfay
further	->	urtherfay
fury	->	uryfay
future	->	uturefay
gain	->	aingrrrowl
gains	->	ainsgrrrowl
gainst	->	ainstgrrrowl
gall	->	allgrrrowl
galloping	->	allopinggrrrowl
gallowglasses	->	allowglassesgrrrowl
gap	->	apgrrrowl
garments	->	armentsgrrrowl
gash	->	ashgrrrowl
gashes	->	ashesgrrrowl
gate	->	ategrrrowl
gave	->	avegrrrowl
gaze	->	azegrrrowl
geese	->	eesegrrrowl
general	->	eneralgrrrowl
generations	->	enerationsgrrrowl
genius	->	eniusgrrrowl
gentle	->	entlegrrrowl
gentleman	->	entlemangrrrowl
gentlemen	->	entlemengrrrowl
gentlewoman	->	entlewomangrrrowl
gently	->	entlygrrrowl
gentry	->	entrygrrrowl
germens	->	ermensgrrrowl
get	->	etgrrrowl
ghost	->	ostghrrrowl
ghosts	->	ostsghrrrowl
giant	->	iantgrrrowl
gibbet	->	ibbetgrrrowl
gift	->	iftgrrrowl
gild	->	ildgrrrowl
gin	->	ingrrrowl
gins	->	insgrrrowl
girl	->	irlgrrrowl
give	->	ivegrrrowl
given	->	ivengrrrowl
gives	->	ivesgrrrowl
giving	->	ivinggrrrowl
gladly	->	adlyglrrrowl
glamis	->	amisglrrrowl
glare	->	areglrrrowl
glass	->	assglrrrowl
glimmers	->	immersglrrrowl
glory	->	oryglrrrowl
gloss	->	ossglrrrowl
go	->	ogrrrowl
goals	->	oalsgrrrowl
goat	->	oatgrrrowl
god	->	odgrrrowl
goes	->	oesgrrrowl
going	->	oinggrrrowl
gold	->	oldgrrrowl
golden	->	oldengrrrowl
golgotha	->	olgothagrrrowl
gone	->	onegrrrowl
good	->	oodgrrrowl
goodly	->	oodlygrrrowl
goodness	->	oodnessgrrrowl
goose	->	oosegrrrowl
gore	->	oregrrrowl
gorgon	->	orgongrrrowl
gory	->	orygrrrowl
gospell	->	ospellgrrrowl
got	->	otgrrrowl
gott	->	ottgrrrowl
gouts	->	outsgrrrowl
govern	->	overngrrrowl
grac	->	acgrrrrowl
grace	->	acegrrrrowl
graces	->	acesgrrrrowl
gracious	->	aciousgrrrrowl
grafted	->	aftedgrrrrowl
grain	->	aingrrrrowl
grandam	->	andamgrrrrowl
grant	->	antgrrrrowl
granted	->	antedgrrrrowl
grapples	->	applesgrrrrowl
grasp	->	aspgrrrrowl
gratefully	->	atefullygrrrrowl
grave	->	avegrrrrowl
graves	->	avesgrrrrowl
graymalkin	->	aymalkingrrrrowl
grease	->	easegrrrrowl
great	->	eatgrrrrowl
greater	->	eatergrrrrowl
greatest	->	eatestgrrrrowl
greatness	->	eatnessgrrrrowl
green	->	eengrrrrowl
greet	->	eetgrrrrowl
greeting	->	eetinggrrrrowl
greets	->	eetsgrrrrowl
greyhounds	->	eyhoundsgrrrrowl
grief	->	iefgrrrrowl
griefs	->	iefsgrrrrowl
grieve	->	ievegrrrrowl
grim	->	imgrrrrowl
gripe	->	ipegrrrrowl
groans	->	oansgrrrrowl
grooms	->	oomsgrrrrowl
gross	->	ossgrrrrowl
ground	->	oundgrrrrowl
group	->	oupgrrrrowl
grove	->	ovegrrrrowl
grow	->	owgrrrrowl
growing	->	owinggrrrrowl
grown	->	owngrrrrowl
grows	->	owsgrrrrowl
gruel	->	uelgrrrrowl
guardian	->	uardiangrrrowl
guess	->	uessgrrrowl
guest	->	uestgrrrowl
guests	->	uestsgrrrowl
guide	->	uidegrrrowl
guilt	->	uiltgrrrowl
guise	->	uisegrrrowl
gulf	->	ulfgrrrowl
gums	->	umsgrrrowl
gutenberg	->	utenberggrrrowl
ha	->	ahay
hack	->	ackhay
had	->	adhay
hadst	->	adsthay
hags	->	agshay
hail	->	ailhay
hailed	->	ailedhay
hair	->	airhay
hairs	->	airshay
half	->	alfhay
hall	->	allhay
hand	->	andhay
handed	->	andedhay
handle	->	andlehay
hands	->	andshay
hang	->	anghay
hanged	->	angedhay
hanging	->	anginghay
hangman	->	angmanhay
hangs	->	angshay
happier	->	appierhay
happily	->	appilyhay
happiness	->	appinesshay
happy	->	appyhay
harbinger	->	arbingerhay
harbingers	->	arbingershay
hard	->	ardhay
hardly	->	ardlyhay
hardy	->	ardyhay
hare	->	arehay
hark	->	arkhay
harm	->	armhay
harmless	->	armlesshay
harms	->	armshay
harness	->	arnesshay
harp	->	arphay
harpier	->	arpierhay
hart	->	arthay
harvest	->	arvesthay
has	->	ashay
hast	->	asthay
haste	->	astehay
hat	->	athay
hatch	->	atchhay
hate	->	atehay
hateful	->	atefulhay
hath	->	athhay
haunt	->	aunthay
haunting	->	auntinghay
hautboys	->	autboyshay
have	->	avehay
having	->	avinghay
hawk	->	awkhay
hay	->	ayhay
he	->	ehay
head	->	eadhay
heads	->	eadshay
healing	->	ealinghay
health	->	ealthhay
heap	->	eaphay
hear	->	earhay
heard	->	eardhay
hearers	->	earershay
hearing	->	earinghay
heart	->	earthay
hearted	->	eartedhay
hearts	->	eartshay
hearty	->	eartyhay
heat	->	eathay
heath	->	eathhay
heaven	->	eavenhay
heavenly	->	eavenlyhay
heavens	->	eavenshay
heaviest	->	eaviesthay
heavily	->	eavilyhay
heavy	->	eavyhay
hecate	->	ecatehay
hedge	->	edgehay
heels	->	eelshay
held	->	eldhay
hell	->	ellhay
help	->	elphay
hemlock	->	emlockhay
hence	->	encehay
henceforth	->	enceforthhay
her	->	erhay
herald	->	eraldhay
here	->	erehay
hereafter	->	ereafterhay
herein	->	ereinhay
hermits	->	ermitshay
herself	->	erselfhay
hew	->	ewhay
hid	->	idhay
hidden	->	iddenhay
hide	->	idehay
hideous	->	ideoushay
hie	->	iehay
high	->	ighhay
highly	->	ighlyhay
highness	->	ighnesshay
hill	->	illhay
him	->	imhay
himself	->	imselfhay
hired	->	iredhay
his	->	ishay
hiss	->	isshay
hit	->	ithay
hither	->	itherhay
ho	->	ohay
hoarse	->	oarsehay
hold	->	oldhay
holder	->	olderhay
holds	->	oldshay
hole	->	olehay
holily	->	olilyhay
holp	->	olphay
holy	->	olyhay
homage	->	omagehay
home	->	omehay
homely	->	omelyhay
homeward	->	omewardhay
honest	->	onesthay
honour	->	onourhay
honours	->	onourshay
hoodwink	->	oodwinkhay
hope	->	opehay
hopes	->	opeshay
horrible	->	orriblehay
horrid	->	orridhay
horror	->	orrorhay
horrors	->	orrorshay
hors	->	orshay
horse	->	orsehay
horses	->	orseshay
hose	->	osehay
host	->	osthay
hostess	->	ostesshay
hotter	->	otterhay
hound	->	oundhay
hounds	->	oundshay
hour	->	ourhay
hours	->	ourshay
house	->	ousehay
housekeeper	->	ousekeeperhay
houses	->	ouseshay
hover	->	overhay
how	->	owhay
howe	->	owehay
however	->	oweverhay
howl	->	owlhay
howlet	->	owlethay
https	->	httpsay
human	->	umanhay
humane	->	umanehay
humble	->	umblehay
humbly	->	umblyhay
humh	->	umhhay
hums	->	umshay
hundreds	->	undredshay
hunger	->	ungerhay
hunter	->	unterhay
hurlyburly	->	urlyburlyhay
hurt	->	urthay
hurts	->	urtshay
husband	->	usbandhay
husbandry	->	usbandryhay
hush	->	ushhay
hypertext	->	ertexthypay
hyrcan	->	anhyrcay
i	->	iay
identification	->	identificationay
identify	->	identifyay
idiot	->	idiotay
if	->	ifay
ignorant	->	ignorantay
ii	->	iiay
iii	->	iiiay
ild	->	ilday
ill	->	illay
illness	->	illnessay
illusion	->	illusionay
image	->	imageay
images	->	imagesay
imaginings	->	imaginingsay
immediate	->	immediateay
impedes	->	impedesay
impediments	->	impedimentsay
imperfect	->	imperfectay
imperial	->	imperialay
implied	->	implieday
implor	->	imploray
important	->	importantay
imposed	->	imposeday
impostors	->	impostorsay
impress	->	impressay
in	->	inay
inaccurate	->	inaccurateay
incarnadine	->	incarnadineay
incens	->	incensay
inch	->	inchay
incidental	->	incidentalay
inclin	->	inclinay
include	->	includeay
included	->	includeday
includes	->	includesay
including	->	includingay
incomplete	->	incompleteay
increasing	->	increasingay
indeed	->	indeeday
indemnify	->	indemnifyay
indemnity	->	indemnityay
indicate	->	indicateay
indicating	->	indicatingay
indirect	->	indirectay
indirectly	->	indirectlyay
indissoluble	->	indissolubleay
individual	->	individualay
industrious	->	industriousay
infected	->	infecteday
infirm	->	infirmay
infirmity	->	infirmityay
infold	->	infolday
inform	->	informay
information	->	informationay
informs	->	informsay
infringement	->	infringementay
ingratitude	->	ingratitudeay
ingredience	->	ingredienceay
ingredients	->	ingredientsay
inhabit	->	inhabitay
inhabitants	->	inhabitantsay
initiate	->	initiateay
inn	->	innay
innocent	->	innocentay
insane	->	insaneay
instant	->	instantay
instructions	->	instructionsay
instrument	->	instrumentay
instruments	->	instrumentsay
integrity	->	integrityay
intellectual	->	intellectualay
intelligence	->	intelligenceay
intemperance	->	intemperanceay
intent	->	intentay
interdiction	->	interdictionay
interest	->	interestay
interim	->	interimay
intermission	->	intermissionay
internal	->	internalay
international	->	internationalay
interpret	->	interpretay
interpreted	->	interpreteday
into	->	intoay
intrenchant	->	intrenchantay
invalidity	->	invalidityay
invention	->	inventionay
inventor	->	inventoray
inverness	->	invernessay
invest	->	investay
invested	->	investeday
invisible	->	invisibleay
invite	->	inviteay
invites	->	invitesay
ireland	->	irelanday
irs	->	irsay
is	->	isay
is'	->	is'ay
isles	->	islesay
issue	->	issueay
it	->	itay
its	->	itsay
itself	->	itselfay
iv	->	ivay
jealousies	->	ealousiesjay
jew	->	ewjay
jewel	->	eweljay
jewels	->	ewelsjay
jocund	->	ocundjay
join	->	oinjay
jointly	->	ointlyjay
journey	->	ourneyjay
jovial	->	ovialjay
joy	->	oyjay
joyful	->	oyfuljay
joys	->	oysjay
judgement	->	udgementjay
judicious	->	udiciousjay
juggling	->	ugglingjay
jump	->	umpjay
just	->	ustjay
justice	->	usticejay
jutty	->	uttyjay
keen	->	eenkay
keep	->	eepkay
keeping	->	eepingkay
keeps	->	eepskay
kerns	->	ernskay
key	->	eykay
kill	->	illkay
killing	->	illingkay
kind	->	indkay
kindly	->	indlykay
kindness	->	indnesskay
king	->	ingkay
kingdom	->	ingdomkay
kings	->	ingskay
kinsman	->	insmankay
kinsmen	->	insmenkay
kiss	->	isskay
kite	->	itekay
kites	->	iteskay
knees	->	eesknay
knell	->	ellknay
knife	->	ifeknay
knit	->	itknay
knits	->	itsknay
knives	->	ivesknay
knock	->	ockknay
knocking	->	ockingknay
knocks	->	ocksknay
knoll	->	ollknay
knots	->	otsknay
know	->	owknay
knowings	->	owingsknay
knowledge	->	owledgeknay
known	->	ownknay
knows	->	owsknay
labour	->	abourlay
lac	->	aclay
lack	->	acklay
lady	->	adylay
laid	->	aidlay
lake	->	akelay
lamb	->	amblay
lamentings	->	amentingslay
lamp	->	amplay
land	->	andlay
lands	->	andslay
language	->	anguagelay
lap	->	aplay
lapp	->	applay
large	->	argelay
largess	->	argesslay
last	->	astlay
latch	->	atchlay
late	->	atelay
lated	->	atedlay
later	->	aterlay
laudable	->	audablelay
laugh	->	aughlay
lave	->	avelay
lavish	->	avishlay
law	->	awlay
lawn	->	awnlay
laws	->	awslay
lay	->	aylay
laying	->	ayinglay
lays	->	ayslay
ld	->	lday
lead	->	eadlay
leading	->	eadinglay
leaf	->	eaflay
leafy	->	eafylay
learn	->	earnlay
learned	->	earnedlay
lease	->	easelay
least	->	eastlay
leave	->	eavelay
leaves	->	eaveslay
leaving	->	eavinglay
lechery	->	echerylay
led	->	edlay
lees	->	eeslay
left	->	eftlay
leg	->	eglay
legal	->	egallay
legally	->	egallylay
legions	->	egionslay
legs	->	egslay
leisure	->	eisurelay
length	->	engthlay
lennox	->	ennoxlay
lent	->	entlay
less	->	esslay
lesser	->	esserlay
lest	->	estlay
let	->	etlay
letter	->	etterlay
letters	->	etterslay
letting	->	ettinglay
levy	->	evylay
liability	->	iabilitylay
liable	->	iablelay
liar	->	iarlay
liars	->	iarslay
library	->	ibrarylay
license	->	icenselay
licensed	->	icensedlay
lid	->	idlay
lie	->	ielay
liege	->	iegelay
lies	->	ieslay
liest	->	iestlay
lieu	->	ieulay
life	->	ifelay
light	->	ightlay
lighted	->	ightedlay
lightning	->	ightninglay
like	->	ikelay
lily	->	ilylay
limbeck	->	imbecklay
lime	->	imelay
limitation	->	imitationlay
limited	->	imitedlay
line	->	inelay
linen	->	inenlay
linked	->	inkedlay
links	->	inkslay
lion	->	ionlay
lips	->	ipslay
list	->	istlay
listen	->	istenlay
literary	->	iterarylay
little	->	ittlelay
liv	->	ivlay
live	->	ivelay
lived	->	ivedlay
liver	->	iverlay
lives	->	iveslay
living	->	ivinglay
lizard	->	izardlay
ll	->	llay
lo	->	olay
loads	->	oadslay
lobby	->	obbylay
located	->	ocatedlay
locations	->	ocationslay
locks	->	ockslay
lodg	->	odglay
long	->	onglay
longer	->	ongerlay
look	->	ooklay
looking	->	ookinglay
looks	->	ookslay
loon	->	oonlay
loose	->	ooselay
lord	->	ordlay
lords	->	ordslay
lose	->	oselay
losest	->	osestlay
lost	->	ostlay
lot	->	otlay
loud	->	oudlay
love	->	ovelay
loved	->	ovedlay
loves	->	oveslay
low	->	owlay
lowliness	->	owlinesslay
loyal	->	oyallay
loyalty	->	oyaltylay
lt	->	ltay
lust	->	ustlay
luxurious	->	uxuriouslay
macbeth	->	acbethmay
macdonwald	->	acdonwaldmay
macduff	->	acduffmay
machine	->	achinemay
mad	->	admay
madam	->	adammay
made	->	ademay
madness	->	adnessmay
magic	->	agicmay
magot	->	agotmay
maids	->	aidsmay
mail	->	ailmay
main	->	ainmay
maintaining	->	aintainingmay
majesty	->	ajestymay
make	->	akemay
makes	->	akesmay
making	->	akingmay
malady	->	aladymay
malcolm	->	alcolmmay
males	->	alesmay
malevolence	->	alevolencemay
malice	->	alicemay
malicious	->	aliciousmay
man	->	anmay
manager	->	anagermay
manhood	->	anhoodmay
mankind	->	ankindmay
manly	->	anlymay
manner	->	annermay
mansion	->	ansionmay
mansionry	->	ansionrymay
many	->	anymay
mar	->	armay
marble	->	arblemay
march	->	archmay
marching	->	archingmay
mark	->	arkmay
marked	->	arkedmay
market	->	arketmay
marrowless	->	arrowlessmay
marry	->	arrymay
mars	->	arsmay
marshall	->	arshallmay
martlet	->	artletmay
marvell	->	arvellmay
masking	->	askingmay
master	->	astermay
masterdom	->	asterdommay
masterpiece	->	asterpiecemay
masters	->	astersmay
mated	->	atedmay
material	->	aterialmay
matrons	->	atronsmay
matter	->	attermay
matters	->	attersmay
maw	->	awmay
maws	->	awsmay
maximum	->	aximummay
may	->	aymay
mayst	->	aystmay
me	->	emay
meal	->	ealmay
mean	->	eanmay
means	->	eansmay
meant	->	eantmay
measur	->	easurmay
measure	->	easuremay
measureless	->	easurelessmay
meat	->	eatmay
med	->	edmay
medium	->	ediummay
meek	->	eekmay
meet	->	eetmay
meeting	->	eetingmay
melted	->	eltedmay
memorize	->	emorizemay
memory	->	emorymay
men	->	enmay
mend	->	endmay
menteith	->	enteithmay
merchantability	->	erchantabilitymay
merciful	->	ercifulmay
merciless	->	ercilessmay
mercy	->	ercymay
mere	->	eremay
message	->	essagemay
messenger	->	essengermay
messengers	->	essengersmay
met	->	etmay
metaphysical	->	etaphysicalmay
methinks	->	ethinksmay
method	->	ethodmay
methods	->	ethodsmay
methought	->	ethoughtmay
mettle	->	ettlemay
mettled	->	ettledmay
mew	->	ewmay
michael	->	ichaelmay
middle	->	iddlemay
midnight	->	idnightmay
midst	->	idstmay
might	->	ightmay
mile	->	ilemay
milk	->	ilkmay
milks	->	ilksmay
mind	->	indmay
minds	->	indsmay
mine	->	inemay
mingle	->	inglemay
minion	->	inionmay
minions	->	inionsmay
minister	->	inistermay
ministers	->	inistersmay
minute	->	inutemay
minutely	->	inutelymay
miraculous	->	iraculousmay
mirth	->	irthmay
mischance	->	ischancemay
mischief	->	ischiefmay
miserable	->	iserablemay
miss	->	issmay
missing	->	issingmay
mission	->	issionmay
mississippi	->	ississippimay
missives	->	issivesmay
mistress	->	istressmay
mistrust	->	istrustmay
mock	->	ockmay
modern	->	odernmay
modest	->	odestmay
modification	->	odificationmay
modified	->	odifiedmay
moment	->	omentmay
momentary	->	omentarymay
money	->	oneymay
mongrels	->	ongrelsmay
monkey	->	onkeymay
monsters	->	onstersmay
monstrous	->	onstrousmay
monuments	->	onumentsmay
moon	->	oonmay
more	->	oremay
morn	->	ornmay
morning	->	orningmay
morrow	->	orrowmay
mortal	->	ortalmay
mortality	->	ortalitymay
mortals	->	ortalsmay
mortified	->	ortifiedmay
most	->	ostmay
mother	->	othermay
motion	->	otionmay
motives	->	otivesmay
mould	->	ouldmay
mounch	->	ounchmay
mousing	->	ousingmay
mouth	->	outhmay
mouths	->	outhsmay
move	->	ovemay
moves	->	ovesmay
moving	->	ovingmay
much	->	uchmay
multiplying	->	ultiplyingmay
multitudinous	->	ultitudinousmay
mummy	->	ummymay
murd	->	urdmay
murder	->	urdermay
murderer	->	urderermay
murderers	->	urderersmay
murderous	->	urderousmay
murders	->	urdersmay
murky	->	urkymay
muse	->	usemay
music	->	usicmay
must	->	ustmay
my	->	myay
myself	->	elfmysay
n	->	nay
naked	->	akednay
nam	->	amnay
name	->	amenay
named	->	amednay
napkins	->	apkinsnay
nation	->	ationnay
natural	->	aturalnay
nature	->	aturenay
natures	->	aturesnay
naught	->	aughtnay
nave	->	avenay
navigation	->	avigationnay
nay	->	aynay
ne	->	enay
near	->	earnay
nearer	->	earernay
nearest	->	earestnay
nearly	->	earlynay
necessarily	->	ecessarilynay
necks	->	ecksnay
need	->	eednay
needed	->	eedednay
needful	->	eedfulnay
needs	->	eedsnay
negligence	->	egligencenay
neither	->	eithernay
neptune	->	eptunenay
ner	->	ernay
nerves	->	ervesnay
nest	->	estnay
net	->	etnay
network	->	etworknay
neutral	->	eutralnay
never	->	evernay
new	->	ewnay
newer	->	ewernay
newest	->	ewestnay
newly	->	ewlynay
news	->	ewsnay
newsletter	->	ewsletternay
newt	->	ewtnay
next	->	extnay
nice	->	icenay
niggard	->	iggardnay
nigh	->	ighnay
night	->	ightnay
nightgown	->	ightgownnay
nightly	->	ightlynay
nights	->	ightsnay
nimbly	->	imblynay
nine	->	inenay
ning	->	ingnay
nipple	->	ipplenay
no	->	onay
noble	->	oblenay
nobleman	->	oblemannay
nobleness	->	oblenessnay
nobles	->	oblesnay
nobly	->	oblynay
nod	->	odnay
noise	->	oisenay
non	->	onnay
none	->	onenay
nonpareil	->	onpareilnay
nonproprietary	->	onproprietarynay
noon	->	oonnay
nor	->	ornay
north	->	orthnay
northumberland	->	orthumberlandnay
norway	->	orwaynay
norways	->	orwaysnay
norweyan	->	orweyannay
nose	->	osenay
not	->	otnay
note	->	otenay
nothing	->	othingnay
notice	->	oticenay
notifies	->	otifiesnay
notion	->	otionnay
nourisher	->	ourishernay
november	->	ovembernay
now	->	ownay
number	->	umbernay
numbers	->	umbersnay
o	->	oay
obedience	->	obedienceay
oblivious	->	obliviousay
obscure	->	obscureay
observ	->	observay
observe	->	observeay
obsolete	->	obsoleteay
obtain	->	obtainay
obtaining	->	obtainingay
occasion	->	occasionay
occur	->	occuray
ocean	->	oceanay
odds	->	oddsay
of	->	ofay
off	->	offay
offend	->	offenday
offended	->	offendeday
offer	->	offeray
offers	->	offersay
office	->	officeay
officer	->	officeray
officers	->	officersay
offices	->	officesay
official	->	officialay
oft	->	oftay
often	->	oftenay
oftentimes	->	oftentimesay
oh	->	ohay
old	->	olday
olden	->	oldenay
older	->	olderay
on	->	onay
once	->	onceay
one	->	oneay
ones	->	onesay
online	->	onlineay
only	->	onlyay
ope	->	opeay
open	->	openay
opens	->	opensay
opinions	->	opinionsay
opportunities	->	opportunitiesay
opportunity	->	opportunityay
oppos	->	opposay
oppose	->	opposeay
oppressed	->	oppresseday
or	->	oray
oracles	->	oraclesay
order	->	orderay
org	->	orgay
organized	->	organizeday
original	->	originalay
originator	->	originatoray
ornament	->	ornamentay
orphans	->	orphansay
other	->	otheray
others	->	othersay
our	->	ouray
ours	->	oursay
ourself	->	ourselfay
ourselves	->	ourselvesay
out	->	outay
outdated	->	outdateday
outrun	->	outrunay
outside	->	outsideay
outward	->	outwarday
outwardly	->	outwardlyay
over	->	overay
overbold	->	overbolday
overcharg	->	overchargay
overcome	->	overcomeay
overtake	->	overtakeay
overthrown	->	overthrownay
ow	->	oway
owe	->	oweay
owed	->	oweday
owl	->	owlay
own	->	ownay
owner	->	owneray
owns	->	ownsay
pace	->	acepay
paddock	->	addockpay
page	->	agepay
pages	->	agespay
paid	->	aidpay
pain	->	ainpay
pains	->	ainspay
painted	->	aintedpay
painting	->	aintingpay
palace	->	alacepay
palaces	->	alacespay
pale	->	alepay
pall	->	allpay
palpable	->	alpablepay
palter	->	alterpay
paper	->	aperpay
paperwork	->	aperworkpay
paragraph	->	aragraphpay
paragraphs	->	aragraphspay
parallel	->	arallelpay
pardon	->	ardonpay
park	->	arkpay
parley	->	arleypay
parricide	->	arricidepay
part	->	artpay
parted	->	artedpay
particular	->	articularpay
particularly	->	articularlypay
particulars	->	articularspay
partner	->	artnerpay
parts	->	artspay
party	->	artypay
pass	->	asspay
passage	->	assagepay
passion	->	assionpay
past	->	astpay
patch	->	atchpay
patience	->	atiencepay
patient	->	atientpay
pauser	->	auserpay
pay	->	aypay
paying	->	ayingpay
payment	->	aymentpay
payments	->	aymentspay
pays	->	ayspay
peace	->	eacepay
peak	->	eakpay
peal	->	ealpay
pearl	->	earlpay
peep	->	eeppay
peerless	->	eerlesspay
peers	->	eerspay
pendant	->	endantpay
pent	->	entpay
people	->	eoplepay
perceive	->	erceivepay
perchance	->	erchancepay
perfect	->	erfectpay
perform	->	erformpay
performance	->	erformancepay
performances	->	erformancespay
performed	->	erformedpay
performing	->	erformingpay
perfumes	->	erfumespay
perilous	->	erilouspay
periodic	->	eriodicpay
permanent	->	ermanentpay
permission	->	ermissionpay
permitted	->	ermittedpay
pernicious	->	erniciouspay
perseverance	->	erseverancepay
person	->	ersonpay
personal	->	ersonalpay
persuades	->	ersuadespay
pertains	->	ertainspay
perturbation	->	erturbationpay
pester	->	esterpay
petty	->	ettypay
pg	->	pgay
pglaf	->	afpglay
phrase	->	asephray
physic	->	icphysay
physical	->	icalphysay
physician	->	icianphysay
physics	->	icsphysay
pictures	->	icturespay
piece	->	iecepay
pieces	->	iecespay
pies	->	iespay
pig	->	igpay
pillows	->	illowspay
pilot	->	ilotpay
pine	->	inepay
pious	->	iouspay
pit	->	itpay
pitied	->	itiedpay
pitiful	->	itifulpay
pity	->	itypay
plac	->	acplay
place	->	aceplay
places	->	acesplay
plague	->	agueplay
plain	->	ainplay
plant	->	antplay
planted	->	antedplay
play	->	ayplay
player	->	ayerplay
plead	->	eadplay
pleasant	->	easantplay
please	->	easeplay
pleasure	->	easureplay
pleasures	->	easuresplay
pledge	->	edgeplay
plenteous	->	enteousplay
plenty	->	entyplay
plight	->	ightplay
pluck	->	uckplay
plucks	->	ucksplay
point	->	ointpay
points	->	ointspay
poison	->	oisonpay
pole	->	olepay
poor	->	oorpay
poorly	->	oorlypay
portable	->	ortablepay
porter	->	orterpay
ports	->	ortspay
possess	->	ossesspay
possessed	->	ossessedpay
possession	->	ossessionpay
possets	->	ossetspay
possibility	->	ossibilitypay
post	->	ostpay
posted	->	ostedpay
posterity	->	osteritypay
posters	->	osterspay
pot	->	otpay
potent	->	otentpay
pour	->	ourpay
power	->	owerpay
powerful	->	owerfulpay
powers	->	owerspay
pr	->	pray
practically	->	acticallypray
practice	->	acticepray
praises	->	aisespray
prate	->	atepray
prattler	->	attlerpray
pray	->	aypray
prayers	->	ayerspray
precious	->	eciouspray
predecessors	->	edecessorspray
prediction	->	edictionpray
predominance	->	edominancepray
predominant	->	edominantpray
preparation	->	eparationpray
prepare	->	eparepray
prepared	->	eparedpray
prepares	->	eparespray
presence	->	esencepray
present	->	esentpray
presently	->	esentlypray
preserve	->	eservepray
pretence	->	etencepray
pretend	->	etendpray
pretty	->	ettypray
prevent	->	eventpray
previous	->	eviouspray
preys	->	eyspray
prick	->	ickpray
pricking	->	ickingpray
pride	->	idepray
primrose	->	imrosepray
prince	->	incepray
print	->	intpray
printed	->	intedpray
prisoner	->	isonerpray
pristine	->	istinepray
probation	->	obationpray
problem	->	oblempray
proceed	->	oceedpray
proceeding	->	oceedingpray
processing	->	ocessingpray
procreant	->	ocreantpray
produce	->	oducepray
produced	->	oducedpray
producing	->	oducingpray
production	->	oductionpray
profess	->	ofesspray
professes	->	ofessespray
professions	->	ofessionspray
professor	->	ofessorpray
profit	->	ofitpray
profits	->	ofitspray
profound	->	ofoundpray
prohibition	->	ohibitionpray
project	->	ojectpray
prologues	->	ologuespray
prominently	->	ominentlypray
promis	->	omispray
promise	->	omisepray
promoting	->	omotingpray
promotion	->	omotionpray
pronounc	->	onouncpray
pronounce	->	onouncepray
proof	->	oofpray
proofread	->	oofreadpray
proper	->	operpray
property	->	opertypray
prophecy	->	ophecypray
prophesying	->	ophesyingpray
prophet	->	ophetpray
prophetic	->	opheticpray
proportion	->	oportionpray
proprietary	->	oprietarypray
prospect	->	ospectpray
prosperous	->	osperouspray
protect	->	otectpray
protected	->	otectedpray
protest	->	otestpray
proud	->	oudpray
prov	->	ovpray
prove	->	ovepray
provide	->	ovidepray
provided	->	ovidedpray
providing	->	ovidingpray
provision	->	ovisionpray
provisions	->	ovisionspray
provoke	->	ovokepray
provoker	->	ovokerpray
provokes	->	ovokespray
prowess	->	owesspray
public	->	ublicpay
pull	->	ullpay
punitive	->	unitivepay
pure	->	urepay
purg	->	urgpay
purgative	->	urgativepay
purge	->	urgepay
purpose	->	urposepay
purposes	->	urposespay
pursued	->	ursuedpay
purveyor	->	urveyorpay
push	->	ushpay
put	->	utpay
puts	->	utspay
pyramids	->	amidspyray
quarrel	->	uarrelqay
quarrels	->	uarrelsqay
quarry	->	uarryqay
quarter	->	uarterqay
quarters	->	uartersqay
queen	->	ueenqay
quell	->	uellqay
quench	->	uenchqay
question	->	uestionqay
quickly	->	uicklyqay
quiet	->	uietqay
quit	->	uitqay
quite	->	uiteqay
quoth	->	uothqay
rabble	->	abblerrruf
race	->	acerrruf
rage	->	agerrruf
rain	->	ainrrruf
raise	->	aiserrruf
ran	->	anrrruf
rance	->	ancerrruf
rancours	->	ancoursrrruf
rank	->	ankrrruf
ranks	->	anksrrruf
rapt	->	aptrrruf
rarer	->	arerrrruf
rat	->	atrrruf
rather	->	atherrrruf
ratify	->	atifyrrruf
ravell	->	avellrrruf
raven	->	avenrrruf
ravin	->	avinrrruf
ravishing	->	avishingrrruf
rawness	->	awnessrrruf
raze	->	azerrruf
re	->	errruf
reaching	->	eachingrrruf
read	->	eadrrruf
readable	->	eadablerrruf
readiness	->	eadinessrrruf
reading	->	eadingrrruf
reads	->	eadsrrruf
ready	->	eadyrrruf
reason	->	easonrrruf
reasonable	->	easonablerrruf
reasons	->	easonsrrruf
rebel	->	ebelrrruf
rebellious	->	ebelliousrrruf
rebels	->	ebelsrrruf
rebuk	->	ebukrrruf
receipt	->	eceiptrrruf
receiv	->	eceivrrruf
receive	->	eceiverrruf
received	->	eceivedrrruf
receiving	->	eceivingrrruf
recently	->	ecentlyrrruf
reckless	->	ecklessrrruf
reckon	->	eckonrrruf
recoil	->	ecoilrrruf
recommends	->	ecommendsrrruf
recompense	->	ecompenserrruf
reconcil	->	econcilrrruf
reconcile	->	econcilerrruf
recorded	->	ecordedrrruf
red	->	edrrruf
redistribute	->	edistributerrruf
redistributing	->	edistributingrrruf
redistribution	->	edistributionrrruf
redoubled	->	edoubledrrruf
redress	->	edressrrruf
reeking	->	eekingrrruf
references	->	eferencesrrruf
referred	->	eferredrrruf
reflection	->	eflectionrrruf
refrain	->	efrainrrruf
refund	->	efundrrruf
regard	->	egardrrruf
register	->	egisterrrruf
registered	->	egisteredrrruf
regulating	->	egulatingrrruf
reign	->	eignrrruf
reigns	->	eignsrrruf
rejoicing	->	ejoicingrrruf
relate	->	elaterrruf
relation	->	elationrrruf
relations	->	elationsrrruf
release	->	eleaserrruf
relish	->	elishrrruf
remain	->	emainrrruf
remaining	->	emainingrrruf
remains	->	emainsrrruf
remedies	->	emediesrrruf
remedy	->	emedyrrruf
remember	->	ememberrrruf
remembrance	->	emembrancerrruf
remembrancer	->	emembrancerrrruf
remorse	->	emorserrruf
remove	->	emoverrruf
removed	->	emovedrrruf
renamed	->	enamedrrruf
render	->	enderrrruf
renown	->	enownrrruf
rent	->	entrrruf
repeat	->	epeatrrruf
repent	->	epentrrruf
repentance	->	epentancerrruf
repetition	->	epetitionrrruf
replace	->	eplacerrruf
replacement	->	eplacementrrruf
report	->	eportrrruf
reported	->	eportedrrruf
reports	->	eportsrrruf
repose	->	eposerrruf
representations	->	epresentationsrrruf
request	->	equestrrruf
require	->	equirerrruf
required	->	equiredrrruf
requirements	->	equirementsrrruf
requited	->	equitedrrruf
research	->	esearchrrruf
resembled	->	esembledrrruf
reserv	->	eservrrruf
resolute	->	esoluterrruf
resolution	->	esolutionrrruf
resolv	->	esolvrrruf
resolve	->	esolverrruf
resounds	->	esoundsrrruf
respect	->	espectrrruf
rest	->	estrrruf
restless	->	estlessrrruf
restrain	->	estrainrrruf
restrictions	->	estrictionsrrruf
retire	->	etirerrruf
retreat	->	etreatrrruf
return	->	eturnrrruf
returning	->	eturningrrruf
returns	->	eturnsrrruf
revenge	->	evengerrruf
revenges	->	evengesrrruf
revenue	->	evenuerrruf
revolt	->	evoltrrruf
revolts	->	evoltsrrruf
rhinoceros	->	inocerosrhrruf
rhubarb	->	ubarbrhrruf
ribs	->	ibsrrruf
rich	->	ichrrruf
rid	->	idrrruf
riddles	->	iddlesrrruf
ride	->	iderrruf
rides	->	idesrrruf
right	->	ightrrruf
rightly	->	ightlyrrruf
ring	->	ingrrruf
rings	->	ingsrrruf
ripe	->	iperrruf
ripp	->	ipprrruf
rise	->	iserrruf
rises	->	isesrrruf
roar	->	oarrrruf
roast	->	oastrrruf
robe	->	oberrruf
robes	->	obesrrruf
rock	->	ockrrruf
roman	->	omanrrruf
ronyon	->	onyonrrruf
roof	->	oofrrruf
rooks	->	ooksrrruf
rooky	->	ookyrrruf
room	->	oomrrruf
root	->	ootrrruf
rooted	->	ootedrrruf
ross	->	ossrrruf
rough	->	oughrrruf
roughest	->	oughestrrruf
round	->	oundrrruf
rous	->	ousrrruf
rouse	->	ouserrruf
royal	->	oyalrrruf
royalties	->	oyaltiesrrruf
royalty	->	oyaltyrrruf
rt	->	rtrruf
rubs	->	ubsrrruf
ruby	->	ubyrrruf
rue	->	uerrruf
rugged	->	uggedrrruf
rugs	->	ugsrrruf
ruin	->	uinrrruf
rule	->	ulerrruf
rules	->	ulesrrruf
rumour	->	umourrrruf
rump	->	umprrruf
run	->	unrrruf
rung	->	ungrrruf
runs	->	unsrrruf
rush	->	ushrrruf
russian	->	ussianrrruf
ry	->	ryrruf
s	->	say
sacred	->	acredsay
sacrilegious	->	acrilegioussay
sad	->	adsay
safe	->	afesay
safely	->	afelysay
safer	->	afersay
safest	->	afestsay
safeties	->	afetiessay
safety	->	afetysay
sag	->	agsay
said	->	aidsay
sail	->	ailsay
sailor	->	ailorsay
saint	->	aintsay
sainted	->	aintedsay
sake	->	akesay
salt	->	altsay
salutation	->	alutationsay
saluted	->	alutedsay
same	->	amesay
sanctity	->	anctitysay
satisfied	->	atisfiedsay
satisfy	->	atisfysay
sauce	->	aucesay
saucy	->	aucysay
savage	->	avagesay
savagely	->	avagelysay
save	->	avesay
saw	->	awsay
say	->	aysay
saying	->	ayingsay
scale	->	alescay
scales	->	alesscay
scann	->	annscay
scap	->	apscay
scape	->	apescay
scarce	->	arcescay
scarcely	->	arcelyscay
scarf	->	arfscay
scene	->	enescay
scepter	->	epterscay
sceptre	->	eptrescay
sceptres	->	eptresscay
school	->	oolschay
scone	->	onescay
scorch	->	orchscay
score	->	orescay
scorn	->	ornscay
scorpions	->	orpionsscay
scotland	->	otlandscay
scottish	->	ottishscay
scour	->	ourscay
scream	->	eamscray
screams	->	eamsscray
screens	->	eensscray
screw	->	ewscray
scruples	->	uplesscray
sea	->	easay
seal	->	ealsay
sear	->	earsay
search	->	earchsay
seas	->	eassay
season	->	easonsay
seat	->	eatsay
seated	->	eatedsay
second	->	econdsay
secret	->	ecretsay
secrets	->	ecretssay
section	->	ectionsay
sections	->	ectionssay
secure	->	ecuresay
security	->	ecuritysay
see	->	eesay
seed	->	eedsay
seeds	->	eedssay
seek	->	eeksay
seeking	->	eekingsay
seeling	->	eelingsay
seem	->	eemsay
seemeth	->	eemethsay
seeming	->	eemingsay
seems	->	eemssay
seen	->	eensay
seest	->	eestsay
seize	->	eizesay
self	->	elfsay
selfsame	->	elfsamesay
sell	->	ellsay
send	->	endsay
sending	->	endingsay
senna	->	ennasay
sennet	->	ennetsay
sense	->	ensesay
senses	->	ensessay
sensible	->	ensiblesay
sent	->	entsay
sentence	->	entencesay
sentinel	->	entinelsay
separated	->	eparatedsay
sere	->	eresay
sergeant	->	ergeantsay
serious	->	erioussay
serpent	->	erpentsay
serv	->	ervsay
servant	->	ervantsay
servants	->	ervantssay
serve	->	ervesay
service	->	ervicesay
set	->	etsay
sets	->	etssay
setting	->	ettingsay
settled	->	ettledsay
sev	->	evsay
seven	->	evensay
seventh	->	eventhsay
several	->	everalsay
sewer	->	ewersay
seyton	->	eytonsay
shade	->	adeshay
shadow	->	adowshay
shadows	->	adowsshay
shaft	->	aftshay
shag	->	agshay
shake	->	akeshay
shakes	->	akesshay
shakespeare	->	akespeareshay
shaking	->	akingshay
shall	->	allshay
shalt	->	altshay
shame	->	ameshay
shape	->	apeshay
shard	->	ardshay
share	->	areshay
shared	->	aredshay
shares	->	aresshay
sharing	->	aringshay
shark	->	arkshay
sharp	->	arpshay
she	->	eshay
sheathe	->	eatheshay
shed	->	edshay
shield	->	ieldshay
shift	->	iftshay
shine	->	ineshay
shipman	->	ipmanshay
shipwracking	->	ipwrackingshay
shoal	->	oalshay
shook	->	ookshay
short	->	ortshay
shot	->	otshay
shoughs	->	oughsshay
should	->	ouldshay
shouldst	->	ouldstshay
show	->	owshay
shows	->	owsshay
shriek	->	iekshray
shrieks	->	ieksshray
shut	->	utshay
sick	->	icksay
sicken	->	ickensay
sickly	->	icklysay
sides	->	idessay
siege	->	iegesay
sieve	->	ievesay
sigh	->	ighsay
sighs	->	ighssay
sight	->	ightsay
sightless	->	ightlesssay
sights	->	ightssay
sign	->	ignsay
signifying	->	ignifyingsay
signs	->	ignssay
silenc	->	ilencsay
silent	->	ilentsay
silver	->	ilversay
sin	->	insay
since	->	incesay
sinel	->	inelsay
sinful	->	infulsay
sing	->	ingsay
single	->	inglesay
sinks	->	inkssay
sir	->	irsay
sirrah	->	irrahsay
sister	->	istersay
sisters	->	isterssay
sit	->	itsay
sits	->	itssay
siward	->	iwardsay
skin	->	inskay
skinny	->	innyskay
skipping	->	ippingskay
skirr	->	irrskay
sky	->	skyay
slab	->	abslay
slain	->	ainslay
slaughter	->	aughterslay
slaughterous	->	aughterousslay
slave	->	aveslay
slaves	->	avesslay
sleave	->	eaveslay
sleek	->	eekslay
sleep	->	eepslay
sleepers	->	eepersslay
sleeping	->	eepingslay
sleeps	->	eepsslay
sleepy	->	eepyslay
sleights	->	eightsslay
slept	->	eptslay
slipp	->	ippslay
slips	->	ipsslay
sliver	->	iverslay
slope	->	opeslay
slow	->	owslay
slumbery	->	umberyslay
smack	->	acksmay
smacking	->	ackingsmay
small	->	allsmay
smear	->	earsmay
smell	->	ellsmay
smells	->	ellssmay
smile	->	ilesmay
smiles	->	ilessmay
smiling	->	ilingsmay
smok	->	oksmay
smoke	->	okesmay
smother	->	othersmay
snake	->	akesnay
snares	->	aressnay
snores	->	oressnay
snow	->	owsnay
so	->	osay
society	->	ocietysay
sold	->	oldsay
soldier	->	oldiersay
soldiers	->	oldierssay
soldiership	->	oldiershipsay
sole	->	olesay
solely	->	olelysay
solemn	->	olemnsay
solicit	->	olicitsay
solicitation	->	olicitationsay
soliciting	->	olicitingsay
solicits	->	olicitssay
some	->	omesay
something	->	omethingsay
sometime	->	ometimesay
son	->	onsay
song	->	ongsay
sons	->	onssay
soon	->	oonsay
sooner	->	oonersay
sooth	->	oothsay
sore	->	oresay
sorely	->	orelysay
sorriest	->	orriestsay
sorrow	->	orrowsay
sorrows	->	orrowssay
sorry	->	orrysay
sorts	->	ortssay
sought	->	oughtsay
soul	->	oulsay
souls	->	oulssay
sound	->	oundsay
sounded	->	oundedsay
soundly	->	oundlysay
source	->	ourcesay
south	->	outhsay
sovereign	->	overeignsay
sovereignty	->	overeigntysay
sow	->	owsay
space	->	acespay
spacious	->	aciousspay
spaniels	->	anielsspay
sparrows	->	arrowsspay
speak	->	eakspay
speaker	->	eakerspay
speakers	->	eakersspay
speaking	->	eakingspay
speaks	->	eaksspay
special	->	ecialspay
specified	->	ecifiedspay
speculation	->	eculationspay
speculative	->	eculativespay
speech	->	eechspay
speeches	->	eechesspay
speed	->	eedspay
spells	->	ellsspay
spend	->	endspay
spent	->	entspay
spirit	->	iritspay
spirits	->	iritsspay
spite	->	itespay
spiteful	->	itefulspay
spoils	->	oilsspay
spoke	->	okespay
spoken	->	okenspay
spongy	->	ongyspay
spot	->	otspay
spring	->	ingspray
sprites	->	itesspray
spur	->	urspay
spurn	->	urnspay
spurs	->	ursspay
spy	->	spyay
st	->	stay
stabbing	->	abbingstay
stableness	->	ablenessstay
stabs	->	absstay
staff	->	affstay
stage	->	agestay
stake	->	akestay
stalls	->	allsstay
stamp	->	ampstay
stand	->	andstay
stands	->	andsstay
star	->	arstay
stars	->	arsstay
start	->	artstay
starting	->	artingstay
starts	->	artsstay
state	->	atestay
state's	->	ate'sstay
statements	->	atementsstay
states	->	atesstay
station	->	ationstay
status	->	atusstay
statute	->	atutestay
staunchless	->	aunchlessstay
staves	->	avesstay
stay	->	aystay
stays	->	aysstay
stead	->	eadstay
stealing	->	ealingstay
steals	->	ealsstay
stealthy	->	ealthystay
steel	->	eelstay
steep	->	eepstay
step	->	epstay
stepp	->	eppstay
steps	->	epsstay
stern	->	ernstay
stick	->	ickstay
sticking	->	ickingstay
sticks	->	icksstay
still	->	illstay
sting	->	ingstay
stir	->	irstay
stirring	->	irringstay
stol	->	olstay
stole	->	olestay
stone	->	onestay
stones	->	onesstay
stood	->	oodstay
stool	->	oolstay
stools	->	oolsstay
stop	->	opstay
stopp	->	oppstay
stored	->	oredstay
storehouse	->	orehousestay
storms	->	ormsstay
story	->	orystay
stout	->	outstay
straight	->	aightstray
strange	->	angestray
strangely	->	angelystray
strangers	->	angersstray
strangled	->	angledstray
strangles	->	anglesstray
streaks	->	eaksstray
streams	->	eamsstray
strength	->	engthstray
stretch	->	etchstray
strict	->	ictstray
strides	->	idesstray
striding	->	idingstray
strike	->	ikestray
stroke	->	okestray
strokes	->	okesstray
strong	->	ongstray
strongly	->	onglystray
struck	->	uckstray
struts	->	utsstray
stuck	->	uckstay
studied	->	udiedstay
stuff	->	uffstay
subject	->	ubjectsay
suborn	->	ubornsay
subscribe	->	ubscribesay
substances	->	ubstancessay
subtle	->	ubtlesay
succeed	->	ucceedsay
succeeding	->	ucceedingsay
success	->	uccesssay
such	->	uchsay
suck	->	ucksay
sudden	->	uddensay
suffer	->	uffersay
suffering	->	ufferingsay
suggestion	->	uggestionsay
suits	->	uitssay
summer	->	ummersay
summons	->	ummonssay
sun	->	unsay
sundry	->	undrysay
supernatural	->	upernaturalsay
supp	->	uppsay
supper	->	uppersay
supplied	->	uppliedsay
supplies	->	uppliessay
support	->	upportsay
surcease	->	urceasesay
sure	->	uresay
surfeited	->	urfeitedsay
surgeons	->	urgeonssay
surgery	->	urgerysay
surmise	->	urmisesay
surpris	->	urprissay
surprise	->	urprisesay
surveying	->	urveyingsay
survive	->	urvivesay
suspicion	->	uspicionsay
swallow	->	allowsway
swamp	->	ampsway
swarm	->	armsway
sway	->	aysway
swear	->	earsway
swearers	->	earerssway
swears	->	earssway
sweat	->	eatsway
sweaten	->	eatensway
sweep	->	eepsway
sweet	->	eetsway
sweeten	->	eetensway
sweeter	->	eetersway
sweetly	->	eetlysway
swelling	->	ellingsway
swells	->	ellssway
swelter	->	eltersway
sweno	->	enosway
swift	->	iftsway
swiftest	->	iftestsway
swimmers	->	immerssway
swine	->	inesway
swinish	->	inishsway
swoln	->	olnsway
swoop	->	oopsway
sword	->	ordsway
swords	->	ordssway
sworn	->	ornsway
syllable	->	ablesyllay
synonymous	->	onymoussynay
t	->	tay
table	->	abletay
tables	->	ablestay
tail	->	ailtay
tailor	->	ailortay
taint	->	ainttay
taints	->	aintstay
take	->	aketay
takes	->	akestay
taking	->	akingtay
tale	->	aletay
talk	->	alktay
taper	->	apertay
tarquin	->	arquintay
tarrying	->	arryingtay
tartar	->	artartay
taste	->	astetay
taught	->	aughttay
tax	->	axtay
taxes	->	axestay
teach	->	eachtay
team	->	eamtay
tear	->	eartay
tears	->	earstay
tedious	->	edioustay
teems	->	eemstay
teeth	->	eethtay
tell	->	elltay
tells	->	ellstay
temp	->	emptay
temper	->	empertay
temperate	->	emperatetay
tempest	->	empesttay
temple	->	empletay
ten	->	entay
tend	->	endtay
tender	->	endertay
tending	->	endingtay
terms	->	ermstay
terrible	->	erribletay
texts	->	extstay
th	->	thay
than	->	anthay
thane	->	anethay
thanes	->	anesthay
thank	->	ankthay
thanks	->	anksthay
that	->	atthay
the	->	ethay
thee	->	eethay
theft	->	eftthay
their	->	eirthay
theirs	->	eirsthay
them	->	emthay
theme	->	emethay
themselves	->	emselvesthay
then	->	enthay
thence	->	encethay
there	->	erethay
thereby	->	erebythay
therefore	->	ereforethay
therein	->	ereinthay
thereto	->	eretothay
therewithal	->	erewithalthay
these	->	esethay
they	->	eythay
thick	->	ickthay
thickens	->	ickensthay
thief	->	iefthay
thine	->	inethay
thing	->	ingthay
things	->	ingsthay
think	->	inkthay
third	->	irdthay
thirst	->	irstthay
thirty	->	irtythay
this	->	isthay
thither	->	itherthay
those	->	osethay
thou	->	outhay
though	->	oughthay
thought	->	oughtthay
thoughts	->	oughtsthay
thousand	->	ousandthay
thousands	->	ousandsthay
thralls	->	allsthray
threat	->	eatthray
threatens	->	eatensthray
three	->	eethray
threescore	->	eescorethray
thrice	->	icethray
thriftless	->	iftlessthray
throat	->	oatthray
throats	->	oatsthray
throbs	->	obsthray
throne	->	onethray
through	->	oughthray
throw	->	owthray
thrusts	->	uststhray
thumb	->	umbthay
thumbs	->	umbsthay
thunder	->	underthay
thunders	->	understhay
thus	->	usthay
thy	->	thyay
thyself	->	elfthysay
tidings	->	idingstay
tie	->	ietay
tied	->	iedtay
tiger	->	igertay
till	->	illtay
time	->	imetay
timely	->	imelytay
times	->	imestay
tis	->	istay
title	->	itletay
titles	->	itlestay
tm	->	tmay
tm's	->	tm'say
to	->	otay
toad	->	oadtay
today	->	odaytay
toe	->	oetay
together	->	ogethertay
toil	->	oiltay
told	->	oldtay
tomorrow	->	omorrowtay
tongue	->	onguetay
tongued	->	onguedtay
tongues	->	onguestay
tonight	->	onighttay
too	->	ootay
took	->	ooktay
tooth	->	oothtay
top	->	optay
topple	->	oppletay
torch	->	orchtay
torches	->	orchestay
torture	->	orturetay
tost	->	osttay
touch	->	ouchtay
toward	->	owardtay
towards	->	owardstay
towering	->	oweringtay
toys	->	oystay
trace	->	acetray
trade	->	adetray
trademark	->	ademarktray
traffic	->	affictray
trains	->	ainstray
traitor	->	aitortray
traitors	->	aitorstray
trammel	->	ammeltray
transcribe	->	anscribetray
transcription	->	anscriptiontray
transport	->	ansporttray
transported	->	ansportedtray
transpose	->	ansposetray
traveller	->	avellertray
travelling	->	avellingtray
treacherous	->	eacheroustray
treachery	->	eacherytray
tread	->	eadtray
treason	->	easontray
treasonous	->	easonoustray
treasons	->	easonstray
treasure	->	easuretray
treatise	->	eatisetray
treatment	->	eatmenttray
treble	->	ebletray
tree	->	eetray
trees	->	eestray
tremble	->	embletray
trembling	->	emblingtray
trenched	->	enchedtray
trifle	->	ifletray
trifled	->	ifledtray
trifles	->	iflestray
troops	->	oopstray
trouble	->	oubletray
troubled	->	oubledtray
troubles	->	oublestray
true	->	uetray
truest	->	uesttray
truly	->	ulytray
trumpet	->	umpettray
trumpets	->	umpetstray
trust	->	usttray
trusted	->	ustedtray
truth	->	uthtray
truths	->	uthstray
try	->	tryay
tuesday	->	uesdaytay
tugg	->	uggtay
tumble	->	umbletay
tune	->	unetay
turk	->	urktay
turn	->	urntay
turning	->	urningtay
turns	->	urnstay
twain	->	aintway
twas	->	astway
twelve	->	elvetway
twenty	->	entytway
twere	->	eretway
twice	->	icetway
twixt	->	ixttway
two	->	otway
twofold	->	ofoldtway
twould	->	ouldtway
txt	->	txtay
types	->	estypay
tyranny	->	annytyray
tyrant	->	anttyray
u	->	uay
ulcerous	->	ulcerousay
unaccompanied	->	unaccompanieday
unattended	->	unattendeday
unbatter	->	unbatteray
unbecoming	->	unbecomingay
unbend	->	unbenday
uncle	->	uncleay
undaunted	->	undaunteday
undeeded	->	undeededay
under	->	underay
understand	->	understanday
understood	->	understooday
underwrit	->	underwritay
undivulg	->	undivulgay
undone	->	undoneay
unenforceability	->	unenforceabilityay
unfelt	->	unfeltay
unfix	->	unfixay
unfold	->	unfolday
unfortunate	->	unfortunateay
unguarded	->	unguardeday
uniform	->	uniformay
united	->	uniteday
unity	->	unityay
universal	->	universalay
unjust	->	unjustay
unkindness	->	unkindnessay
unknown	->	unknownay
unless	->	unlessay
unlineal	->	unlinealay
unlink	->	unlinkay
unlock	->	unlockay
unmake	->	unmakeay
unmann	->	unmannay
unmannerly	->	unmannerlyay
unnatural	->	unnaturalay
unprepar	->	unpreparay
unprotected	->	unprotecteday
unprovokes	->	unprovokesay
unreal	->	unrealay
unrough	->	unroughay
unruly	->	unrulyay
unsafe	->	unsafeay
unsanctified	->	unsanctifieday
unseam	->	unseamay
unsex	->	unsexay
unshrinking	->	unshrinkingay
unsolicited	->	unsoliciteday
unspeak	->	unspeakay
unsure	->	unsureay
untie	->	untieay
until	->	untilay
untimely	->	untimelyay
untitled	->	untitleday
unto	->	untoay
unusual	->	unusualay
unwelcome	->	unwelcomeay
unwip	->	unwipay
up	->	upay
upbraid	->	upbraiday
updated	->	updateday
uplifted	->	uplifteday
upon	->	uponay
uproar	->	uproaray
upward	->	upwarday
urine	->	urineay
us	->	usay
use	->	useay
used	->	useday
user	->	useray
using	->	usingay
usually	->	usuallyay
usurper	->	usurperay
ut	->	utay
utf	->	utfay
utterance	->	utteranceay
v	->	vay
valiant	->	aliantvay
valour	->	alourvay
valu	->	aluvay
vanilla	->	anillavay
vanish	->	anishvay
vanished	->	anishedvay
vanquish	->	anquishvay
vantage	->	antagevay
vap	->	apvay
variety	->	arietyvay
various	->	ariousvay
vault	->	aultvay
vaulting	->	aultingvay
venom	->	enomvay
venture	->	enturevay
verities	->	eritiesvay
verity	->	erityvay
version	->	ersionvay
very	->	eryvay
vessel	->	esselvay
vessels	->	esselsvay
vi	->	ivay
vice	->	icevay
vices	->	icesvay
victory	->	ictoryvay
view	->	iewvay
viewed	->	iewedvay
viewing	->	iewingvay
vii	->	iivay
viii	->	iiivay
vile	->	ilevay
villain	->	illainvay
villainies	->	illainiesvay
violates	->	iolatesvay
violent	->	iolentvay
virtue	->	irtuevay
virtues	->	irtuesvay
virtuous	->	irtuousvay
virus	->	irusvay
vision	->	isionvay
visit	->	isitvay
visited	->	isitedvay
visitings	->	isitingsvay
vizards	->	izardsvay
voice	->	oicevay
voices	->	oicesvay
void	->	oidvay
volume	->	olumevay
volunteer	->	olunteervay
volunteers	->	olunteersvay
voluptuousness	->	oluptuousnessvay
vouch	->	ouchvay
vulnerable	->	ulnerablevay
vulture	->	ulturevay
wade	->	adewoof
wail	->	ailwoof
wait	->	aitwoof
waiting	->	aitingwoof
wake	->	akewoof
wakes	->	akeswoof
walk	->	alkwoof
walked	->	alkedwoof
walking	->	alkingwoof
walks	->	alkswoof
walls	->	allswoof
want	->	antwoof
wanton	->	antonwoof
wants	->	antswoof
war	->	arwoof
warder	->	arderwoof
warders	->	arderswoof
warlike	->	arlikewoof
warrant	->	arrantwoof
warranted	->	arrantedwoof
warranties	->	arrantieswoof
warranty	->	arrantywoof
was	->	aswoof
wash	->	ashwoof
washing	->	ashingwoof
wassail	->	assailwoof
wast	->	astwoof
wasteful	->	astefulwoof
watch	->	atchwoof
watched	->	atchedwoof
watchers	->	atcherswoof
watchful	->	atchfulwoof
watching	->	atchingwoof
water	->	aterwoof
waves	->	aveswoof
way	->	aywoof
ways	->	ayswoof
wayward	->	aywardwoof
we	->	ewoof
weak	->	eakwoof
weal	->	ealwoof
wealth	->	ealthwoof
weapons	->	eaponswoof
wear	->	earwoof
wears	->	earswoof
weary	->	earywoof
web	->	ebwoof
website	->	ebsitewoof
weeds	->	eedswoof
weep	->	eepwoof
weeps	->	eepswoof
weigh	->	eighwoof
weighs	->	eighswoof
weighty	->	eightywoof
weird	->	eirdwoof
welcome	->	elcomewoof
well	->	ellwoof
went	->	entwoof
were	->	erewoof
west	->	estwoof
western	->	esternwoof
what	->	atwhoof
whate	->	atewhoof
whatever	->	ateverwhoof
whatsoever	->	atsoeverwhoof
when	->	enwhoof
whence	->	encewhoof
whenever	->	eneverwhoof
where	->	erewhoof
whereabout	->	ereaboutwhoof
whereby	->	erebywhoof
wherefore	->	ereforewhoof
wherein	->	ereinwhoof
whereon	->	ereonwhoof
whereto	->	eretowhoof
wherever	->	ereverwhoof
wherewith	->	erewithwhoof
whether	->	etherwhoof
whetstone	->	etstonewhoof
whey	->	eywhoof
which	->	ichwhoof
while	->	ilewhoof
whiles	->	ileswhoof
whilst	->	ilstwhoof
whin	->	inwhoof
whisp	->	ispwhoof
whispers	->	isperswhoof
white	->	itewhoof
whither	->	itherwhoof
who	->	owhoof
whoever	->	oeverwhoof
whole	->	olewhoof
wholesome	->	olesomewhoof
whom	->	omwhoof
whore	->	orewhoof
whose	->	osewhoof
why	->	whyoof
wicked	->	ickedwoof
widespread	->	idespreadwoof
widest	->	idestwoof
widows	->	idowswoof
wife	->	ifewoof
wild	->	ildwoof
will	->	illwoof
william	->	illiamwoof
willing	->	illingwoof
wilt	->	iltwoof
win	->	inwoof
wind	->	indwoof
winds	->	indswoof
wine	->	inewoof
wing	->	ingwoof
wink	->	inkwoof
winter	->	interwoof
wiped	->	ipedwoof
wisdom	->	isdomwoof
wise	->	isewoof
wisely	->	iselywoof
wish	->	ishwoof
wishest	->	ishestwoof
wit	->	itwoof
witch	->	itchwoof
witchcraft	->	itchcraftwoof
witches	->	itcheswoof
with	->	ithwoof
withal	->	ithalwoof
wither	->	itherwoof
within	->	ithinwoof
without	->	ithoutwoof
witness	->	itnesswoof
wives	->	iveswoof
woe	->	oewoofWoof
woeful	->	oefulwoofWoof
wolf	->	olfwoofWoof
wolves	->	olveswoofWoof
woman	->	omanwoofWoof
womanly	->	omanlywoofWoof
womb	->	ombwoofWoof
women	->	omenwoofWoof
won	->	onwoofWoof
wonder	->	onderwoofWoof
wonders	->	onderswoofWoof
wood	->	oodwoofWoof
wooingly	->	ooinglywoofWoof
wool	->	oolwoofWoof
word	->	ordwoofWoof
words	->	ordswoofWoof
work	->	orkwoofWoof
works	->	orkswoofWoof
world	->	orldwoofWoof
worlds	->	orldswoofWoof
worm	->	ormwoofWoof
worms	->	ormswoofWoof
worn	->	ornwoofWoof
worse	->	orsewoofWoof
worst	->	orstwoofWoof
worth	->	orthwoofWoof
worthiest	->	orthiestwoofWoof
worthy	->	orthywoofWoof
would	->	ouldwoofWoof
wouldst	->	ouldstwoofWoof
wound	->	oundwoofWoof
wounds	->	oundswoofWoof
wrack	->	ackwroof
wrath	->	athwroof
wrathful	->	athfulwroof
wren	->	enwroof
wrench	->	enchwroof
wretched	->	etchedwroof
write	->	itewroof
writes	->	iteswroof
writing	->	itingwroof
written	->	ittenwroof
wrongly	->	onglywroof
wrongs	->	ongswroof
wrought	->	oughtwroof
www	->	wwwoof
yawning	->	awningyay
ye	->	eyay
years	->	earsyay
yell	->	ellyay
yellow	->	ellowyay
yes	->	esyay
yesterday	->	esterdayyay
yesterdays	->	esterdaysyay
yesty	->	estyyay
yet	->	etyay
yew	->	ewyay
yield	->	ieldyay
yoke	->	okeyay
you	->	ouyay
young	->	oungyay
your	->	ouryay
yours	->	oursyay
yourself	->	ourselfyay
yourselves	->	ourselvesyay
youth	->	outhyay
youths	->	outhsyay
ythee	->	eeythay
zip	->	ipzay